,haussdorf,haussdorf,haussdorf,haussdorf,haussdorf,dice,dice,dice,dice,dice,sens,sens,sens,sens,sens,spec,spec,spec,spec,spec,haussdorf
,mean,std,min,max,count,mean,std,min,max,count,mean,std,min,max,count,mean,std,min,max,count,95th_percentile
label,,,,,,,,,,,,,,,,,,,,,
ET,8.808469323763672,8.075513868032342,0.0,47.45524207081869,70,0.7594983017907471,0.2346275657524879,0.0,1.0,74,0.8761019538453511,0.1464605858934604,0.0,0.9967769165835316,70,0.9983212052833961,0.002727220681489101,0.9797611399460981,1.0,74,21.70571520373706
TC,12.95865186648844,13.00865217526003,2.449489742783178,71.79136438319027,74,0.8120221977186912,0.1406052786060284,0.02790025126819324,0.9589715101976034,74,0.8663587756964828,0.11215867807717528,0.41407999115509,0.9886831275720165,74,0.9944102463613994,0.005330700706914383,0.9714096342778964,0.9995789454156233,74,35.16984890740385
WT,12.086441237041592,12.898405672180452,2.23606797749979,71.89575787207477,74,0.8983923888449147,0.05647778226267642,0.6480722681896566,0.9619813281474502,74,0.9161412641400004,0.07204524230329762,0.5635903362500688,0.9944027436262456,74,0.9966055514464377,0.0026005279811255762,0.9863838941242858,0.9997812914548855,74,35.16984890740385
